dog_facilities_name,dog_facilities_type,address_name
하이바이분양소 본점,반려동물분양,남양주 와부읍
힐링버블,반려동물미용,남양주 와부읍
봉봉멍스쿨 애견유치원 애견호텔 애견미용,반려동물호텔,남양주 와부읍
덕소동물병원,동물병원,남양주 와부읍
레몽,반려동물미용,남양주 와부읍
도그브릿지 강아지 방문훈련 애견교육,애견훈련,남양주 와부읍
예쁘개편안하개 애견미용&애견호텔&애견놀이방,,남양주 와부읍
메디포즈동물병원,동물병원,남양주 와부읍
내품애동물병원,동물병원,남양주 와부읍
댕댕이이발소,반려동물미용,남양주 와부읍
로하스동물병원,동물병원,남양주 와부읍
덕소멍묭,반려동물미용,남양주 와부읍
나은온누리약국,약국,남양주 와부읍
플레이주,동물원,남양주 와부읍
리틀펫애견미용호텔,반려동물호텔,남양주 와부읍
멍블리,반려동물미용,남양주 와부읍
해피동물병원,동물병원,남양주 와부읍
펫신드룸,동물사료제조,남양주 와부읍
평강약국,약국,남양주 와부읍
멍냥의민족 남양주덕소점,반려동물용품,남양주 와부읍
반려견하우스,애견훈련,남양주 와부읍
멍냥마트,반려동물용품,남양주 와부읍
어질리티몰,애견훈련,남양주 와부읍
네이처애견훈련학교,애견훈련,남양주 와부읍
독스하트아카데미,애견훈련,남양주 와부읍
독일훈데슐레,애견훈련,남양주 와부읍
탤런트애견훈련소,애견훈련,남양주 와부읍
건강드림약국,약국,남양주 와부읍
펫보스,애견용품,남양주 와부읍
두나펫코리아,애견사료,남양주 와부읍
주렁주렁 동물원 하남점,동물원,하남 신장동
쥬라리움 하남점,동물원,하남 망월동
몰리스펫샵 스타필드하남점,반려동물용품,하남 신장동
펫파크스타필드하남점,반려견놀이터,하남 신장동
미사아일랜드펫존,반려동물,하남 미사동
24시튼튼동물의료센터,동물병원,하남 망월동
다나을동물병원 미사본점,동물병원,하남 망월동
21그램 반려동물장례식장 남양주3호점,반려동물장례,남양주 화도읍
24시와이즈동물메디컬센터,동물병원,하남 덕풍동
미라클 독,반려동물미용,하남 망월동
앵무새카페 버드리 하남점,동물카페,하남 풍산동
하남스타약국,약국,하남 신장동
남양주동물병원,동물병원,남양주 평내동
어강동물병원,동물병원,남양주 금곡동
트레벨동물병원,동물병원,하남 신장동
파충류샵 아토리,반려동물분양,하남 신장동
하남동물병원,동물병원,하남 덕풍동
안아줄개,반려동물미용,하남 망월동
어서오시개,반려동물미용,하남 덕풍동
으나펫,반려동물미용,하남 망월동
한강생물보전연구센터,야생동물구조센터,하남 미사동
프리랑애견유치원호텔,애견훈련,하남 망월동
크레아뷰,반려동물호텔,남양주 평내동
러브펫동물병원,동물병원,하남 신장동
도그마루 고양이 강아지 무료,반려동물분양,하남 망월동
한국조류보호협회 하남시지회,야생동물구조센터,하남 미사동
스위프트살롱,반려동물미용,하남 망월동
웰니스동물병원 스타필드 하남점,동물병원,하남 신장동
해피독 트레이닝 스쿨,애견훈련,하남 망월동
예쁘면 다개,반려동물미용,남양주 평내동
누리동물병원,동물병원,하남 신장2동
모어포유,애견훈련,하남 덕풍동
메디약국,약국,하남 망월동
설뭉치,반려동물미용,하남 덕풍동
대관령동물병원,동물병원,남양주 금곡동
개벤져스,반려동물미용,남양주 평내동
루트231 애견유치원 & 애견호텔,애견훈련,하남 신장동
인파밭,반려동물분양,하남 덕풍동
개팔자상팔자,반려동물미용,하남 신장동
퍼시독,애견훈련,하남 망월동
24시공감365동물의료센터,동물병원,남양주 진접읍
주견야DOG,반려동물미용,남양주 진접읍
수염농장,반려동물,남양주 진접읍
이리온 동물메디컬센터,동물병원,남양주 진접읍
진접솔동물병원,동물병원,남양주 진접읍
진접 애견유치원 애견호텔 퍼피빈,반려동물,남양주 진접읍
몽그루밍,반려동물미용,남양주 진접읍
밝은약국,약국,남양주 진접읍
해밀동물병원,동물병원,남양주 진접읍
금강애견학교,애견훈련,남양주 진접읍
아무도없개 진접점,반려동물용품,남양주 진접읍
주주펫살롱,반려동물미용,남양주 진접읍
멍멍나래,반려동물미용,남양주 진접읍
장현동물병원,동물병원,남양주 진접읍
앵무새카페 리프패럿 진접점,반려동물용품,남양주 진접읍
드림동물병원,동물병원,남양주 진접읍
진접동물병원,동물병원,남양주 진접읍
털뭉치들,반려동물미용,남양주 진접읍
꽃돌이네,반려동물미용,남양주 진접읍
아이묭,반려동물미용,남양주 진접읍
아침약국,약국,남양주 진접읍
별이네펫,반려동물호텔,남양주 진접읍
이즈메이드,반려동물용품,남양주 진접읍
강아지나라동물병원,동물병원,남양주 진접읍
엣지잇개,반려동물미용,남양주 진접읍
건강플러스약국,약국,남양주 진접읍
다산동물약국,약국,남양주 진접읍
광릉내애견,반려동물미용,남양주 진접읍
미소펫푸드,동물사료제조,남양주 진접읍
에이티바이오,동물사료제조,남양주 진접읍
러블리펫,반려동물용품,남양주 진접읍
비케이컴퍼니,동물사료제조,남양주 진접읍
오션,동물사료제조,남양주 진접읍
펫엔조이,반려동물,남양주 진접읍
유레크레,반려동물분양,남양주 진접읍
명인 반려견 방문학교,애견훈련,남양주 진접읍
네이즈 Products Trading Co.,반려동물용품,남양주 진접읍
두웃,동물사료제조,남양주 진접읍
도마뱀 있ZOO,반려동물용품,남양주 진접읍
이엠연구소 공장,동물사료제조,남양주 진접읍
핫독연기견학교,애견훈련,남양주 진접읍
영진알비에스,반려동물,남양주 진접읍
엔터펫,반려동물,남양주 진접읍
한라동물약품병원,의약품제조,남양주 진접읍
꼬기랑놀자,수족관,남양주 진접읍
365종로온누리약국,약국,남양주 진접읍
온드,"카페,디저트",남양주 진접읍
참약사 진접우리약국,약국,남양주 진접읍
유니더버터,"카페,디저트",남양주 진접읍
광릉내열린약국,약국,남양주 진접읍
장보는강아지와고양이 장현점,애견용품,남양주 진접읍
스프링펫,애견용품,남양주 진접읍
공드린상조,장례대행,남양주 진접읍
글로리펫,애견용품,남양주 진접읍
유니노스,인터넷상거래,남양주 진접읍
이레펫,애견사료,남양주 진접읍
보령산업,제조업,남양주 진접읍
누키스트,가구제조,남양주 진접읍
주파크,동물원,포천 소흘읍
스머프곤충나라,동물원,남양주 진건읍
애니멀리움,반려동물분양,남양주 진건읍
하이동물병원,동물병원,남양주 오남읍
24시위너스동물의료센터,동물병원,남양주 호평동
동인동물병원,동물병원,남양주 호평동
올리브독,반려동물미용,남양주 호평동
강아지야애견샵,반려동물미용,남양주 오남읍
애니멀하우스,반려동물호텔,남양주 오남읍
케니애견돌봄센터,반려동물호텔,남양주 호평동
핏어팻,반려동물미용,남양주 별내동
아마존펫 남양주점,반려동물용품,남양주 호평동
몽몽이엠파크,반려동물장례,남양주 화도읍
루시드펫,반려동물미용,남양주 화도읍
21그램 반려동물장례식장 남양주3호점,반려동물장례,남양주 화도읍
마석동물병원,동물병원,남양주 화도읍
나라라펫,반려동물미용,남양주 화도읍
마이펫동물병원,동물병원,남양주 화도읍
핫독,반려동물미용,남양주 화도읍
창현동물병원,동물병원,남양주 화도읍
대학동물종합병원,동물병원,남양주 화도읍
겟풀 남양주점,반려동물미용,남양주 화도읍
한사랑동물병원,동물병원,남양주 화도읍
오댕이네,반려동물미용,남양주 화도읍
화도동물병원,동물병원,남양주 화도읍
이쁘개이쁘개,반려동물미용,남양주 화도읍
연분홍약국,약국,남양주 화도읍
LIKEFRISE,반려동물미용,남양주 화도읍
강아지를부탁해,반려동물미용,남양주 화도읍
멍블랑,반려동물미용,남양주 화도읍
위드유애견훈련소,애견훈련,남양주 화도읍
라라그루밍,반려동물미용,남양주 화도읍
동진동물약품,동물병원,남양주 화도읍
푸들리,반려동물미용,남양주 화도읍
doggie,반려동물호텔,남양주 화도읍
아기공룡마뱀,반려동물용품,남양주 화도읍
몽몽이,반려동물,남양주 화도읍
몽몽이발소,반려동물미용,남양주 화도읍
퍼펙트독 반려견교육센터 동물에이전시,애견훈련,남양주 화도읍
빛나개살롱,반려동물미용,남양주 화도읍
초코네애견샵,반려동물미용,남양주 화도읍
깍개,반려동물미용,남양주 화도읍
꼬마펫,반려동물미용,남양주 화도읍
울타리가도와줄개,동물사료제조,남양주 화도읍
도도스타일,반려동물미용,남양주 화도읍
에코바이,동물사료제조,남양주 화도읍
애완용품을부탁해 마석점,반려동물용품,남양주 화도읍
향내음,반려동물,남양주 화도읍
펫스튜어드본점,동물사료제조,남양주 화도읍
슈나애견미용,반려동물미용,남양주 화도읍
강아지예뻐지는곳,반려동물미용,남양주 화도읍
펫프렌즈 애견미용,반려동물미용,남양주 화도읍
윤슬독,애견훈련,남양주 화도읍
내새끼닷컴,반려동물,남양주 화도읍
한국사료,동물사료제조,남양주 화도읍
토탈라이프,반려동물용품,남양주 화도읍
딜라이트,동물사료제조,남양주 화도읍
피앤엘,반려동물,남양주 화도읍
이규로동물병원,기타,남양주 화도읍
경기도북부동물위생시험소 북부지소,농림축산식품부,남양주 화도읍
경기도북부동물위생시험소북부지소테니스장,"스포츠,오락",남양주 화도읍
장보는강아지와고양이 남양주점,애견용품,남양주 화도읍
캠성,인터넷상거래,남양주 화도읍
호랑이 약국,약국,남양주 화도읍
맑은샘약국,약국,남양주 화도읍
마석정문약국,약국,남양주 화도읍
5층온누리약국,약국,남양주 화도읍
펫디아,종합도소매,남양주 화도읍
강아지와고양이아울렛 묵현무인점,애견용품,남양주 화도읍
해밀정원,"가구,인테리어",남양주 화도읍
펫앤바이오,애견사료,남양주 화도읍
신화디자인,애견용품,남양주 화도읍
제이디에이치산업,종합도소매,남양주 화도읍
페디슨,종합도소매,남양주 화도읍
디렉터스,종합도소매,남양주 화도읍
멍바이멍반려견유치원,반려동물,남양주 호평동
꼬모의 산책,반려동물미용,남양주 호평동
강남동물병원,동물병원,양평 서종면
댕댕살롱,반려동물미용,남양주 수동면
씽크독스쿨,애견훈련,가평 청평면
몽스파,반려동물미용,남양주 호평동
애견미용실,반려동물미용,양평 서종면
스머프곤충나라,동물원,남양주 진건읍
애니멀리움,반려동물분양,남양주 진건읍
애견돌봄원,반려동물,남양주 진건읍
dog조아,반려동물미용,남양주 진건읍
댕글,반려동물미용,남양주 진건읍
진건동물병원,동물병원,남양주 진건읍
원약국,약국,남양주 진건읍
늘건강약국,약국,남양주 진건읍
렙타일팜,반려동물분양,남양주 진건읍
후레시드코리아,반려동물장례,남양주 진건읍
돌돌샵,반려동물미용,남양주 진건읍
딩동댕애견학교,애견훈련,남양주 진건읍
러블리독,반려동물미용,남양주 진건읍
강아지생각,애견훈련,남양주 진건읍
모모펫,반려동물,남양주 진건읍
메트로펫,반려동물,남양주 진건읍
선바이오텍,동물사료제조,남양주 진건읍
네일사랑,"네일아트,네일샵",남양주 진건읍
렉사앤모런,금속가공제품제조,남양주 진건읍
펫링크,애플리케이션개발,남양주 진건읍
테이블에이 다산점,동물원,남양주 다산동
맘스펫 다산애견미용 호텔 가위컷,반려동물미용,남양주 다산동
스텔라동물의료센터,동물병원,남양주 다산동
마음담은동물병원,동물병원,남양주 다산동
한강동물메디컬센터,동물병원,남양주 퇴계원읍
하이동물병원,동물병원,남양주 오남읍
다산마리동물병원,동물병원,남양주 다산동
24시위너스동물의료센터,동물병원,남양주 호평동
멍문살롱,반려동물미용,남양주 다산동
멍카데미 구 도그베이 애견 호텔 애견 유치원 애견 훈련,,남양주 다산동
남양주동물병원,동물병원,남양주 평내동
파충류샵 헬로게코,반려동물분양,남양주 다산동
어강동물병원,동물병원,남양주 금곡동
개이뻐,반려동물미용,남양주 다산동
포로록,애견훈련,구리 사노동
동물한의원 부영동물병원,동물병원,남양주 다산동
올리브독,반려동물미용,남양주 호평동
바른동물병원,동물병원,남양주 평내동
킨더라스 다산점,반려동물,남양주 다산동
수염농장,반려동물,남양주 진접읍
쌀강아지 다산애견미용실,반려동물미용,남양주 다산동
강아지야애견샵,반려동물미용,남양주 오남읍
친구가 될 동물병원,동물병원,남양주 다산동
케니애견돌봄센터,반려동물호텔,남양주 호평동
디스타일,반려동물미용,남양주 다산동
크레아뷰,반려동물호텔,남양주 평내동
니블 유치원,반려동물호텔,남양주 다산동
금강애견학교,애견훈련,남양주 진접읍
몽띠끄,반려동물미용,남양주 다산동
자연앤동물병원,동물병원,남양주 다산동
멍뭉유치원 다산점,반려동물,남양주 다산동
견생냥품 무인24시 남양주 다산역점,반려동물용품,남양주 다산동
호평동물병원,동물병원,남양주 호평동
다산마스터동물의료센터,동물병원,남양주 다산동
예쁘면 다개,반려동물미용,남양주 평내동
그루봄,반려동물미용,남양주 호평동
나랑애견유치원,반려동물,남양주 다산동
댕꼬미 강아지분양 애견목욕 남양주진접오남점,반려동물미용,남양주 오남읍
독스하트 구리,반려동물호텔,구리 인창동
대관령동물병원,동물병원,남양주 금곡동
365드림약국,약국,남양주 호평동
멍냥의민족 다산점,반려동물용품,남양주 다산동
개벤져스,반려동물미용,남양주 평내동
이쁜강아지,반려동물미용,남양주 퇴계원읍
메이그루밍,반려동물미용,남양주 다산동
두부두부 캣묭실,반려동물미용,남양주 다산동
오픈독하우스,반려동물,남양주 금곡동
행복한강아지,반려동물미용,남양주 평내동
맘스펫 다산 애견미용 호텔 가위컷,반려동물분양,남양주 다산동
크레버디,반려동물분양,남양주 평내동
하이동물병원,동물병원,남양주 오남읍
강아지야애견샵,반려동물미용,남양주 오남읍
애니멀하우스,반려동물호텔,남양주 오남읍
오남동물병원,동물병원,남양주 오남읍
댕꼬미 강아지분양 애견목욕 남양주진접오남점,반려동물미용,남양주 오남읍
독앤바버,반려동물미용,남양주 오남읍
아무도없개 오남점,반려동물용품,남양주 오남읍
도그도감,반려동물미용,남양주 오남읍
퍼피조아,반려동물미용,남양주 오남읍
몽글펫,반려동물미용,남양주 오남읍
아이앤지메딕스,제조업,남양주 오남읍
24시공감365동물의료센터,동물병원,남양주 진접읍
이리온 동물메디컬센터,동물병원,남양주 진접읍
진접 애견유치원 애견호텔 퍼피빈,반려동물,남양주 진접읍
몽그루밍,반려동물미용,남양주 진접읍
밝은약국,약국,남양주 진접읍
해밀동물병원,동물병원,남양주 진접읍
애견돌봄원,반려동물,남양주 진건읍
주주펫살롱,반려동물미용,남양주 진접읍
멍멍나래,반려동물미용,남양주 진접읍
앵무새카페 리프패럿 진접점,반려동물용품,남양주 진접읍
드림동물병원,동물병원,남양주 진접읍
진접동물병원,동물병원,남양주 진접읍
털뭉치들,반려동물미용,남양주 진접읍
꽃돌이네,반려동물미용,남양주 진접읍
이즈메이드,반려동물용품,남양주 진접읍
강아지나라동물병원,동물병원,남양주 진접읍
엣지잇개,반려동물미용,남양주 진접읍
건강플러스약국,약국,남양주 진접읍
다산동물약국,약국,남양주 진접읍
미소펫푸드,동물사료제조,남양주 진접읍
러블리펫,반려동물용품,남양주 진접읍
오션,동물사료제조,남양주 진접읍
유레크레,반려동물분양,남양주 진접읍
도마뱀 있ZOO,반려동물용품,남양주 진접읍
메트로펫,반려동물,남양주 진건읍
선바이오텍,동물사료제조,남양주 진건읍
365종로온누리약국,약국,남양주 진접읍
온드,"카페,디저트",남양주 진접읍
참약사 진접우리약국,약국,남양주 진접읍
유니더버터,"카페,디저트",남양주 진접읍
스마트약국,약국,남양주 호평동
공드린상조,장례대행,남양주 진접읍
바오아트스튜디오,"미술,공예품",남양주 호평동
이레펫,애견사료,남양주 진접읍
한강동물메디컬센터,동물병원,남양주 퇴계원읍
이쁜강아지,반려동물미용,남양주 퇴계원읍
홍지연애견샵,반려동물미용,남양주 퇴계원읍
반하개,반려동물미용,남양주 퇴계원읍
멍멍s 패밀리,반려동물미용,남양주 퇴계원읍
한강동물약품,축산업용품,남양주 퇴계원읍
라움헤어,미용실,남양주 퇴계원읍
미엘약국,약국,남양주 퇴계원읍
24시위드힐동물메디컬센터,동물병원,남양주 별내동
본바른동물병원,동물병원,남양주 별내동
펫마트 별내점,반려동물용품,남양주 별내동
플랜티멀,반려동물분양,남양주 별내동
별사랑동물병원,동물병원,남양주 별내동
몽톡펫살롱,반려동물미용,남양주 별내동
햄스터분양 로던트클럽 남양주점,반려동물분양,남양주 별내동
올리비아 애견미용,반려동물미용,남양주 별내동
수염농장,반려동물,남양주 진접읍
별내동물병원,동물병원,남양주 별내동
올리스24 남양주별내점,반려동물미용,남양주 별내동
우리개,반려동물미용,남양주 별내동
리틀원유치원,반려동물호텔,남양주 별내동
금강애견학교,애견훈련,남양주 진접읍
핏어팻,반려동물미용,남양주 별내동
단발냥,반려동물미용,구리 갈매동
스타동물병원,동물병원,남양주 별내동
어서오개,반려동물미용,남양주 별내동
내강아지애견미용,반려동물미용,구리 갈매동
오르네,반려동물미용,남양주 별내동
포썸,반려동물용품,남양주 별내동
리토가토,반려동물용품,구리 갈매동
멍블라썸,반려동물미용,남양주 별내동
야옹아 멍멍해봐 남양주 별내점,반려동물용품,남양주 별내동
꽁냥꽁냥,반려동물미용,남양주 별내동
호텔댕루나,반려동물호텔,구리 갈매동
꼼꼬미애견미용,반려동물미용,남양주 별내동
파트라슈 애견미용실호텔,반려동물미용,구리 갈매동
멍스,애견훈련,구리 갈매동
다드멍,반려동물미용,구리 갈매동
몽글 그루밍,반려동물미용,남양주 별내동
펫츠야,반려동물용품,남양주 별내동
베이지앤브라운,반려동물미용,남양주 별내동
슈슈댕 갈매점,반려동물미용,구리 갈매동
펫케어,동물사료제조,구리 갈매동
갈매협동공원반려견놀이터(2024년예정),반려동물,구리 갈매동
지켜줄개,반려동물미용,남양주 별내동
축복애견,반려견놀이터,구리 사노동
헬로마이펫,반려동물,남양주 별내동
후레시드코리아,반려동물장례,남양주 진건읍
엘림랜드,동물사료제조,남양주 별내동
명인 반려견 방문학교,애견훈련,남양주 진접읍
강아지생각,애견훈련,남양주 진건읍
핫독연기견학교,애견훈련,남양주 진접읍
아쿠아파크&샌드플레이,"키즈카페,실내놀이터",남양주 별내동
구리반려동물장례서비스,"지원,대행",구리 갈매동
토브스튜디오,"사진,스튜디오",구리 갈매동
스튜디오 어스,"사진,스튜디오",구리 갈매동
별내이마트약국,약국,남양주 별내동
멸치앤펫 별내점,애견용품,남양주 별내동
별내고운약국,약국,남양주 별내동
현약국,약국,구리 갈매동
별빛약국,약국,남양주 별내동
별내중앙약국,약국,남양주 별내동
콜렌육십도,애견용품,구리 갈매동
테라약국,약국,구리 갈매동
렉사앤모런,"선반,앵글",구리 갈매동
팝애니랩,"검사,분석,조사",남양주 별내동
꽃멍,공방,구리 갈매동
우성바이오디자인,"과학기기,장비",구리 갈매동
좋은나무,종합도소매,남양주 별내동
정명글로벌,애견사료,남양주 별내동
멍냥힐,반려동물용품,남양주 별내면
펫조이 별내 애견호텔 애견유치원,반려동물호텔,남양주 별내면
21세기청학보건당약국,약국,남양주 별내면
청학동물병원,동물병원,남양주 별내면
켈베로스,애견훈련,남양주 별내면
멍뭉이발소,반려동물미용,남양주 별내면
간식먹자,반려동물용품,남양주 별내면
비루개,"카페,디저트",남양주 별내면
올피쉬코리아,수족관,남양주 별내면
예원펫,종합도소매,남양주 별내면
애니멀 프렌즈,동물카페,의정부 용현동
24시해든동물의료센터 민락점,동물병원,의정부 민락동
올리스24 의정부민락점,반려동물미용,의정부 민락동
몽시시,반려동물미용,의정부 용현동
쓰다드멍 애견미용,반려동물미용,의정부 민락동
도그플러스동물병원 의정부삼성홈플러스점,동물병원,의정부 금오동
현대동물병원,동물병원,의정부 용현동
내곁에동물병원,동물병원,의정부 민락동
이불속댕댕 애견호텔 애견유치원,반려동물미용,의정부 민락동
채플린동물병원,동물병원,의정부 민락동
뉴하트동물병원,동물병원,의정부 산곡동
미담 동물 의료센터,동물병원,남양주 별내동
수염농장,반려동물,남양주 진접읍
멍머리,반려동물미용,의정부 낙양동
내곁에동물병원,동물병원,서울 노원구 상계동
데일리댕댕,반려견놀이터,의정부 고산동
오모몽,반려동물,의정부 금오동
위즈펫동물병원,동물병원,의정부 민락동
월드크리처,반려동물분양,의정부 민락동
디어퍼피 애견미용실,반려동물미용,의정부 용현동
비어플독,반려동물미용,의정부 민락동
춘댕,반려동물미용,의정부 민락동
아무도 없개 민락점,반려동물용품,의정부 민락동
애지중지 애견미용실,반려동물미용,의정부 용현동
금강애견학교,애견훈련,남양주 진접읍
플러스약국,약국,의정부 금오동
개미남,반려동물미용,의정부 낙양동
조선생펫살롱,반려동물미용,의정부 민락동
핏어팻,반려동물미용,남양주 별내동
나라동물병원,동물병원,의정부 민락동
눈이부시개,반려동물미용,의정부 산곡동
아뮤펫,반려동물용품,의정부 민락동
엘라 애견유치원&애견미용,반려견놀이터,남양주 별내동
멍뭉유치원 별내점,반려동물,남양주 별내동
견생냥품 24시 무인펫샵 의정부용현점,반려동물용품,의정부 용현동
댕실댕실,반려동물미용,의정부 민락동
멍묭실 애견미용,반려동물미용,의정부 민락동
도니바니,반려동물호텔,의정부 민락동
비담애견미용실,반려동물미용,의정부 민락동
아이독,반려동물미용,의정부 고산동
크레세오,반려동물분양,남양주 별내동
견생냥품 무인24시 별내 별가람역점,반려동물용품,남양주 별내동
견생냥품 무인24시 의정부 고산점,반려동물용품,의정부 산곡동
몽쉘몽쉘,반려동물미용,의정부 낙양동
댕댕읍멍멍리,반려동물미용,의정부 낙양동
포그나개,반려동물미용,의정부 산곡동
와니펫싸롱,반려동물미용,의정부 용현동
카르펫디엠 강아지유치원,반려동물,의정부 용현동
중앙약국,약국,의정부 민락동
영심이살롱 곰곰이호텔,반려동물미용,의정부 용현동
개스타살롱,반려동물미용,의정부 민락동
포포럽,반려동물미용,의정부 고산동
햇빛동물병원,동물병원,남양주 별내동
도그맘,반려동물미용,의정부 낙양동
놀멍뛰멍 애견유치원,반려견놀이터,서울 노원구 상계동
퍼피스,반려동물,의정부 민락동
그루밍포유,반려동물미용,의정부 민락동
아무도없개 어룡역점,반려동물용품,남양주 진접읍
별이네펫,반려동물호텔,남양주 별내동
마석보호소 봉사신청,동물보호단체,남양주 수동면
댕댕살롱,반려동물미용,남양주 수동면
인생약국,약국,남양주 수동면
푸른솔애견호텔,반려동물호텔,남양주 수동면
스터디독스쿨,애견훈련,남양주 수동면
어스몬,반려동물용품,남양주 수동면
펫앤수,반려동물,남양주 수동면
남양주야생동물관리센터,금속가공제품제조,남양주 수동면
성모메디칼약국,약국,남양주 수동면
펫노리,애견용품,남양주 수동면
에이펙스,애견사료,남양주 수동면
아침고요가족동물원,동물원,가평 상면
몽몽이엠파크,반려동물장례,남양주 화도읍
루시드펫,반려동물미용,남양주 화도읍
마석동물병원,동물병원,남양주 화도읍
24시위너스동물의료센터,동물병원,남양주 호평동
동인동물병원,동물병원,남양주 호평동
나라라펫,반려동물미용,남양주 화도읍
올리브독,반려동물미용,남양주 호평동
케니애견돌봄센터,반려동물호텔,남양주 호평동
핫독,반려동물미용,남양주 화도읍
대학동물종합병원,동물병원,남양주 화도읍
아마존펫 남양주점,반려동물용품,남양주 호평동
그루봄,반려동물미용,남양주 호평동
오댕이네,반려동물미용,남양주 화도읍
이쁘개이쁘개,반려동물미용,남양주 화도읍
몽스파,반려동물미용,남양주 호평동
강아지를부탁해,반려동물미용,남양주 화도읍
멍블랑,반려동물미용,남양주 화도읍
푸들리,반려동물미용,남양주 화도읍
애견깍새,반려동물미용,남양주 호평동
아기공룡마뱀,반려동물용품,남양주 화도읍
올리브약국,약국,남양주 호평동
몽몽이,반려동물,남양주 화도읍
퍼펙트독 반려견교육센터 동물에이전시,애견훈련,남양주 화도읍
빛나개살롱,반려동물미용,남양주 화도읍
초코네애견샵,반려동물미용,남양주 화도읍
꼬마펫,반려동물미용,남양주 화도읍
에코바이,동물사료제조,남양주 화도읍
애완용품을부탁해 마석점,반려동물용품,남양주 화도읍
향내음,반려동물,남양주 화도읍
윤슬독,애견훈련,남양주 화도읍
내새끼닷컴,반려동물,남양주 화도읍
한국사료,동물사료제조,남양주 화도읍
바비애견풀빌라큰댕댕이놀이터,반려동물,가평 상면
장고하우스,반려동물,가평 상면
피앤엘,반려동물,남양주 화도읍
초원,반려동물,남양주 호평동
동물카라반펜션,펜션,가평 상면
아침고요가족동물원강아지세상,부속시설,가평 상면
하루강아지애견펜션,펜션,가평 상면
아침고요동물원 매점,기타,가평 상면
아침고요가족동물원앵무새마을,부속시설,가평 상면
동물카라반펜션글램핑,사이트,가평 상면
경기도북부동물위생시험소 북부지소,농림축산식품부,남양주 화도읍
경기도북부동물위생시험소북부지소테니스장,"스포츠,오락",남양주 화도읍
동물카라반펜션황제,부속시설,가평 상면
아침고요가족동물원초식사파리,부속시설,가평 상면
동물카라반펜션코끼리,부속시설,가평 상면
동물카라반펜션황태자,부속시설,가평 상면
동물카라반펜션코뿔소,부속시설,가평 상면
동물카라반펜션사슴,부속시설,가평 상면
동물카라반펜션아랍궁전4,부속시설,가평 상면
동물카라반펜션아랍궁전5,부속시설,가평 상면
아침고요가족동물원화장실,부속시설,가평 상면
아침고요가족동물원공작마을,부속시설,가평 상면
동물카라반펜션안내소,부속시설,가평 상면
동물카라반펜션황후,부속시설,가평 상면
동물카라반펜션수영장,부속시설,가평 상면
동물카라반펜션아랍궁전2,부속시설,가평 상면
앵무새촌,동물원,남양주 조안면
익스트림 어질리티클럽,애견훈련,남양주 조안면
도기파파반려견학교,애견훈련,남양주 조안면
한국애견학교,애견훈련,남양주 조안면
도기존애견훈련학교,반려동물,남양주 조안면
호반,식료품,남양주 조안면
강남동물병원,동물병원,양평 서종면
개포동물병원,동물병원,양평 양서면
애견미용실,반려동물미용,양평 서종면
폴의골목동물병원,동물병원,양평 서종면
메리해피쫑,반려동물미용,양평 양서면
어질리티몰,애견훈련,남양주 와부읍
네이처애견훈련학교,애견훈련,남양주 와부읍
두물머리약국,약국,양평 양서면
전국강아지무료분양고양이무료분양말티즈포메푸들애견샵,반려동물용품,하남 배알미동
24시위너스동물의료센터,동물병원,남양주 호평동
동인동물병원,동물병원,남양주 호평동
올리브독,반려동물미용,남양주 호평동
케니애견돌봄센터,반려동물호텔,남양주 호평동
온희,반려동물미용,남양주 호평동
아마존펫 남양주점,반려동물용품,남양주 호평동
호평동물병원,동물병원,남양주 호평동
멍바이멍반려견유치원,반려동물,남양주 호평동
꼬모의 산책,반려동물미용,남양주 호평동
그루봄,반려동물미용,남양주 호평동
365드림약국,약국,남양주 호평동
몽스파,반려동물미용,남양주 호평동
애견깍새,반려동물미용,남양주 호평동
올리브약국,약국,남양주 호평동
개편한펫택시,반려동물,남양주 호평동
호평애견,반려동물,남양주 호평동
초원,반려동물,남양주 호평동
호평마트약국,약국,남양주 호평동
디테이,미용실,남양주 호평동
다정약국,약국,남양주 호평동
썬약국,약국,남양주 호평동
열린약국,약국,남양주 호평동
호평 참약국,약국,남양주 호평동
스마트약국,약국,남양주 호평동
뮤엘,인터넷상거래,남양주 호평동
바오아트스튜디오,"미술,공예품",남양주 호평동
멍냥의민족 평내호평점,애견용품,남양주 호평동
우릿,종합도소매,남양주 호평동
남양주동물병원,동물병원,남양주 평내동
바른동물병원,동물병원,남양주 평내동
크레아뷰,반려동물호텔,남양주 평내동
예쁘면 다개,반려동물미용,남양주 평내동
화도동물병원,동물병원,남양주 화도읍
개벤져스,반려동물미용,남양주 평내동
행복한강아지,반려동물미용,남양주 평내동
크레버디,반려동물분양,남양주 평내동
독스,반려동물미용,남양주 평내동
도그마캣 남양주평내점,반려동물용품,남양주 평내동
아기공룡마뱀,반려동물용품,남양주 화도읍
러블리펫,반려동물미용,남양주 평내동
몽몽이발소,반려동물미용,남양주 화도읍
빛나개살롱,반려동물미용,남양주 화도읍
개깎는중,반려동물미용,남양주 평내동
까끄애견샵,반려동물호텔,남양주 평내동
꼬마펫,반려동물미용,남양주 화도읍
멍끌,반려동물용품,남양주 평내동
펫스튜어드본점,동물사료제조,남양주 화도읍
토탈라이프,반려동물용품,남양주 화도읍
선바이오텍,동물사료제조,남양주 진건읍
피앤엘,반려동물,남양주 화도읍
캠성,인터넷상거래,남양주 화도읍
코코약국,약국,남양주 평내동
애플매트 경기지사,"시트,매트,쿠션",남양주 평내동
아침햇살약국,약국,남양주 평내동
강아지와고양이아울렛 묵현무인점,애견용품,남양주 화도읍
펫앤바이오,애견사료,남양주 화도읍
신화디자인,애견용품,남양주 화도읍
남양주동물병원,동물병원,남양주 평내동
바른동물병원,동물병원,남양주 평내동
크레아뷰,반려동물호텔,남양주 평내동
예쁘면 다개,반려동물미용,남양주 평내동
개벤져스,반려동물미용,남양주 평내동
행복한강아지,반려동물미용,남양주 평내동
크레버디,반려동물분양,남양주 평내동
독스,반려동물미용,남양주 평내동
도그마캣 남양주평내점,반려동물용품,남양주 평내동
러블리펫,반려동물미용,남양주 평내동
개깎는중,반려동물미용,남양주 평내동
까끄애견샵,반려동물호텔,남양주 평내동
멍끌,반려동물용품,남양주 평내동
코코약국,약국,남양주 평내동
애플매트 경기지사,"시트,매트,쿠션",남양주 평내동
아침햇살약국,약국,남양주 평내동
24시위너스동물의료센터,동물병원,남양주 호평동
동인동물병원,동물병원,남양주 호평동
어강동물병원,동물병원,남양주 금곡동
올리브독,반려동물미용,남양주 호평동
케니애견돌봄센터,반려동물호텔,남양주 호평동
온희,반려동물미용,남양주 호평동
아마존펫 남양주점,반려동물용품,남양주 호평동
호평동물병원,동물병원,남양주 호평동
멍바이멍반려견유치원,반려동물,남양주 호평동
꼬모의 산책,반려동물미용,남양주 호평동
그루봄,반려동물미용,남양주 호평동
대관령동물병원,동물병원,남양주 금곡동
365드림약국,약국,남양주 호평동
몽스파,반려동물미용,남양주 호평동
오픈독하우스,반려동물,남양주 금곡동
신성온누리약국,약국,남양주 금곡동
애견깍새,반려동물미용,남양주 호평동
올리브약국,약국,남양주 호평동
남양주동물보호협회,동물보호단체,남양주 금곡동
개편한펫택시,반려동물,남양주 호평동
렙타일팜,반려동물분양,남양주 진건읍
컬프소동물 반려동물연구실,반려동물,남양주 금곡동
성심동물병원,동물병원,남양주 금곡동
미티맘마,동물사료제조,남양주 금곡동
호평애견,반려동물,남양주 호평동
선바이오텍,동물사료제조,남양주 진건읍
초원,반려동물,남양주 호평동
호평마트약국,약국,남양주 호평동
이츠펫 남양주금곡점,애견용품,남양주 금곡동
디테이,미용실,남양주 호평동
유진약국,약국,남양주 금곡동
다정약국,약국,남양주 호평동
썬약국,약국,남양주 호평동
열린약국,약국,남양주 호평동
호평 참약국,약국,남양주 호평동
스마트약국,약국,남양주 호평동
물도리,한식,남양주 금곡동
셀메드 비타민플러스약국,약국,남양주 금곡동
렉사앤모런,금속가공제품제조,남양주 진건읍
뮤엘,인터넷상거래,남양주 호평동
바오아트스튜디오,"미술,공예품",남양주 호평동
인사이드독앤캣,애견용품,남양주 금곡동
멍냥의민족 평내호평점,애견용품,남양주 호평동
우릿,종합도소매,남양주 호평동
어강동물병원,동물병원,남양주 금곡동
대관령동물병원,동물병원,남양주 금곡동
오픈독하우스,반려동물,남양주 금곡동
하남애견훈련소,애견훈련,남양주 금곡동
신성온누리약국,약국,남양주 금곡동
남양주동물보호협회,동물보호단체,남양주 금곡동
컬프소동물 반려동물연구실,반려동물,남양주 금곡동
성심동물병원,동물병원,남양주 금곡동
미티맘마,동물사료제조,남양주 금곡동
이츠펫 남양주금곡점,애견용품,남양주 금곡동
유진약국,약국,남양주 금곡동
물도리,한식,남양주 금곡동
셀메드 비타민플러스약국,약국,남양주 금곡동
인사이드독앤캣,애견용품,남양주 금곡동
남양주동물병원,동물병원,남양주 평내동
바른동물병원,동물병원,남양주 평내동
크레아뷰,반려동물호텔,남양주 평내동
호평동물병원,동물병원,남양주 호평동
예쁘면 다개,반려동물미용,남양주 평내동
그루봄,반려동물미용,남양주 호평동
365드림약국,약국,남양주 호평동
개벤져스,반려동물미용,남양주 평내동
행복한강아지,반려동물미용,남양주 평내동
크레버디,반려동물분양,남양주 평내동
독스,반려동물미용,남양주 평내동
도그마캣 남양주평내점,반려동물용품,남양주 평내동
러블리펫,반려동물미용,남양주 평내동
개깎는중,반려동물미용,남양주 평내동
펫신드룸,동물사료제조,남양주 와부읍
까끄애견샵,반려동물호텔,남양주 평내동
반려견하우스,애견훈련,남양주 와부읍
멍끌,반려동물용품,남양주 평내동
딩동댕애견학교,애견훈련,남양주 진건읍
호평애견,반려동물,남양주 호평동
호평마트약국,약국,남양주 호평동
코코약국,약국,남양주 평내동
애플매트 경기지사,"시트,매트,쿠션",남양주 평내동
아침햇살약국,약국,남양주 평내동
다정약국,약국,남양주 호평동
썬약국,약국,남양주 호평동
열린약국,약국,남양주 호평동
호평 참약국,약국,남양주 호평동
멍멍굿독,반려동물분양,남양주 일패동
우릿,종합도소매,남양주 호평동
슈퍼몬스터,애견용품,남양주 일패동
제니스라인,반려동물,남양주 이패동
펫클럽 양정점,애견용품,남양주 이패동
멍멍굿독,반려동물분양,남양주 일패동
더펫할인샵,애견용품,남양주 이패동
킹불리,애견사료,남양주 삼패동
슈퍼몬스터,애견용품,남양주 일패동
코바이코,"전시,행사대행",남양주 일패동
맘스펫 다산애견미용 호텔 가위컷,반려동물미용,남양주 다산동
24시 하랑동물의료센터,동물병원,남양주 다산동
마음담은동물병원,동물병원,남양주 다산동
힐링버블,반려동물미용,남양주 와부읍
봉봉멍스쿨 애견유치원 애견호텔 애견미용,반려동물호텔,남양주 와부읍
황금산고양이,반려동물미용,남양주 다산동
어강동물병원,동물병원,남양주 금곡동
윤동물병원,동물병원,남양주 다산동
개이뻐,반려동물미용,남양주 다산동
아무도없개 다산테라타워점,반려동물용품,남양주 다산동
나루 동물병원,동물병원,남양주 다산동
견생냥품 남양주 도농역점,반려동물용품,남양주 다산동
덕소동물병원,동물병원,남양주 와부읍
몽글,반려동물미용,남양주 다산동
니블 유치원,반려동물호텔,남양주 다산동
에르펫츠 강아지분양 고양이분양 다산점,반려동물분양,남양주 다산동
레몽,반려동물미용,남양주 와부읍
멍브라더 애견카페,반려동물호텔,남양주 다산동
축복애견,반려동물미용,남양주 다산동
우리집강아지미용실,반려동물미용,남양주 다산동
도그브릿지 강아지 방문훈련 애견교육,애견훈련,남양주 와부읍
참사랑동물병원,동물병원,남양주 다산동
헤이퍼피,반려동물미용,남양주 다산동
메디약국,약국,하남 망월동
대관령동물병원,동물병원,남양주 금곡동
내품애동물병원,동물병원,남양주 와부읍
댕댕이이발소,반려동물미용,남양주 와부읍
메이그루밍,반려동물미용,남양주 다산동
오픈독하우스,반려동물,남양주 금곡동
그루밍아지,반려동물미용,남양주 다산동
캣팰리스,반려동물미용,남양주 다산동
로하스동물병원,동물병원,남양주 와부읍
맘스펫 다산 애견미용 호텔 가위컷,반려동물분양,남양주 다산동
열두달펫,반려동물미용,남양주 다산동
덕소멍묭,반려동물미용,남양주 와부읍
다산 봄 동물병원,동물병원,남양주 다산동
애견호텔도그캐슬 다산점,반려동물호텔,남양주 다산동
러브냥냥,반려동물미용,남양주 다산동
나은온누리약국,약국,남양주 와부읍
다산애견미용실 깎을건댕,반려동물미용,남양주 다산동
몽실몽실 애견미용실,반려동물미용,남양주 다산동
아토 강아지미용실,반려동물미용,남양주 다산동
하남애견훈련소,애견훈련,남양주 금곡동
신성온누리약국,약국,남양주 금곡동
씨유펫 다산중앙공원점,반려동물용품,남양주 다산동
허숙희네 애견미용실,반려동물미용,남양주 다산동
리움댕 다산애견미용,반려동물미용,남양주 다산동
란이네멍살롱,반려동물미용,남양주 다산동
이누애견,반려동물미용,남양주 다산동
남양주동물보호협회,동물보호단체,남양주 금곡동
리틀펫애견미용호텔,반려동물호텔,남양주 와부읍
동그랑댕,반려동물미용,남양주 다산동
해피동물병원,동물병원,남양주 와부읍
펫신드룸,동물사료제조,남양주 와부읍
평강약국,약국,남양주 와부읍
멍냥의민족 남양주덕소점,반려동물용품,남양주 와부읍
우리동네 똥강아지,반려동물미용,남양주 다산동
컬프소동물 반려동물연구실,반려동물,남양주 금곡동
성심동물병원,동물병원,남양주 금곡동
미티맘마,동물사료제조,남양주 금곡동
독일훈데슐레,애견훈련,남양주 와부읍
반짝반짝,반려동물용품,남양주 다산동
미사리승마공원,승마장,하남 미사동
테이블에이 다산점,동물원,남양주 다산동
24시더케어동물의료센터,동물병원,구리 수택동
코코스퀘어 남양주 다산 현대 프리미엄 아울렛점,반려동물,남양주 다산동
맘스펫 다산애견미용 호텔 가위컷,반려동물미용,남양주 다산동
24시 하랑동물의료센터,동물병원,남양주 다산동
부티나개,반려동물미용,구리 수택동
스텔라동물의료센터,동물병원,남양주 다산동
흰디하우스 현대프리미엄아울렛SPACE1점,반려견놀이터,남양주 다산동
마음담은동물병원,동물병원,남양주 다산동
쿨퍼피,반려동물호텔,구리 인창동
네오펫동물메디컬센터,동물병원,구리 수택동
유폴24시 애견셀프목욕 남양주점,반려동물미용,남양주 다산동
돈워리독,반려동물호텔,구리 수택동
다산마리동물병원,동물병원,남양주 다산동
멍문살롱,반려동물미용,남양주 다산동
멍카데미 구 도그베이 애견 호텔 애견 유치원 애견 훈련,,남양주 다산동
황금산고양이,반려동물미용,남양주 다산동
파충류샵 헬로게코,반려동물분양,남양주 다산동
몽르르 애견유치원&호텔,반려동물호텔,남양주 다산동
윤동물병원,동물병원,남양주 다산동
래플즈동물병원,동물병원,구리 인창동
개이뻐,반려동물미용,남양주 다산동
포로록,애견훈련,구리 사노동
동물한의원 부영동물병원,동물병원,남양주 다산동
리드펫,반려동물미용,남양주 다산동
킨더라스 다산점,반려동물,남양주 다산동
아무도없개 다산테라타워점,반려동물용품,남양주 다산동
나루 동물병원,동물병원,남양주 다산동
하트돌리,반려동물미용,남양주 다산동
쌀강아지 다산애견미용실,반려동물미용,남양주 다산동
사랑우리애 동물병원,동물병원,구리 인창동
탑동물병원,동물병원,남양주 다산동
오구오구내새끼,반려동물,남양주 다산동
견생냥품 남양주 도농역점,반려동물용품,남양주 다산동
친구가 될 동물병원,동물병원,남양주 다산동
몽글,반려동물미용,남양주 다산동
디스타일,반려동물미용,남양주 다산동
니블 유치원,반려동물호텔,남양주 다산동
에르펫츠 강아지분양 고양이분양 다산점,반려동물분양,남양주 다산동
몽띠끄,반려동물미용,남양주 다산동
자연앤동물병원,동물병원,남양주 다산동
멍뭉유치원 다산점,반려동물,남양주 다산동
견생냥품 무인24시 남양주 다산역점,반려동물용품,남양주 다산동
가람동물병원,동물병원,구리 인창동
멍브라더 애견카페,반려동물호텔,남양주 다산동
아트멍,반려동물미용,구리 교문동
꽃같은개,반려동물미용,구리 수택동
하일동물병원,동물병원,구리 수택동
축복애견,반려동물미용,남양주 다산동
우리집강아지미용실,반려동물미용,남양주 다산동
다산마스터동물의료센터,동물병원,남양주 다산동
참사랑동물병원,동물병원,남양주 다산동
안심동물의료센터,동물병원,구리 수택동
아르밤펫,반려동물미용,구리 인창동
나랑애견유치원,반려동물,남양주 다산동
제이콥슨 파충류,반려동물분양,구리 수택동
아무도없개 다산동점,반려동물용품,남양주 다산동
헤이퍼피,반려동물미용,남양주 다산동
독스하트 구리,반려동물호텔,구리 인창동
견생냥품24시무인펫샵 구리돌다리점,반려동물용품,구리 수택동
멍냥의민족 다산점,반려동물용품,남양주 다산동
101애견유치원 호텔,반려동물호텔,구리 교문동
메이그루밍,반려동물미용,남양주 다산동
레몬이네그루밍샵,반려동물미용,구리 인창동
구리동물병원,동물병원,구리 수택동
두부두부 캣묭실,반려동물미용,남양주 다산동
그루밍아지,반려동물미용,남양주 다산동
캣팰리스,반려동물미용,남양주 다산동
포엘몽,반려동물미용,구리 수택동
맘스펫 다산 애견미용 호텔 가위컷,반려동물분양,남양주 다산동
24시더케어동물의료센터,동물병원,구리 수택동
코코스퀘어 남양주 다산 현대 프리미엄 아울렛점,반려동물,남양주 다산동
24시 하랑동물의료센터,동물병원,남양주 다산동
흰디하우스 현대프리미엄아울렛SPACE1점,반려견놀이터,남양주 다산동
마음담은동물병원,동물병원,남양주 다산동
네오펫동물메디컬센터,동물병원,구리 수택동
유폴24시 애견셀프목욕 남양주점,반려동물미용,남양주 다산동
메이플동물의료센터,동물병원,서울 강동구 강일동
멍카데미 구 도그베이 애견 호텔 애견 유치원 애견 훈련,,남양주 다산동
황금산고양이,반려동물미용,남양주 다산동
몽르르 애견유치원&호텔,반려동물호텔,남양주 다산동
윤동물병원,동물병원,남양주 다산동
애니케어동물병원,동물병원,구리 토평동
오블리 동물병원,동물병원,구리 토평동
리드펫,반려동물미용,남양주 다산동
아무도없개 다산테라타워점,반려동물용품,남양주 다산동
나루 동물병원,동물병원,남양주 다산동
하트돌리,반려동물미용,남양주 다산동
탑동물병원,동물병원,남양주 다산동
오구오구내새끼,반려동물,남양주 다산동
견생냥품 남양주 도농역점,반려동물용품,남양주 다산동
친구가 될 동물병원,동물병원,남양주 다산동
올바로 애견유치원&호텔,반려동물,구리 토평동
몽글,반려동물미용,남양주 다산동
디스타일,반려동물미용,남양주 다산동
니블 유치원,반려동물호텔,남양주 다산동
에르펫츠 강아지분양 고양이분양 다산점,반려동물분양,남양주 다산동
자연앤동물병원,동물병원,남양주 다산동
가람동물병원,동물병원,구리 인창동
멍브라더 애견카페,반려동물호텔,남양주 다산동
언니네애견미용실,반려동물미용,구리 토평동
꽃같은개,반려동물미용,구리 수택동
축복애견,반려동물미용,남양주 다산동
왕개상점,반려동물미용,하남 망월동
우리집강아지미용실,반려동물미용,남양주 다산동
참사랑동물병원,동물병원,남양주 다산동
안심동물의료센터,동물병원,구리 수택동
제이콥슨 파충류,반려동물분양,구리 수택동
아무도없개 다산동점,반려동물용품,남양주 다산동
쇼룸 펫뷰티샵,반려동물미용,하남 망월동
헤이퍼피,반려동물미용,남양주 다산동
토평동물병원,동물병원,구리 수택동
견생냥품24시무인펫샵 구리돌다리점,반려동물용품,구리 수택동
메디약국,약국,하남 망월동
견생냥품 강동 리버스트점,반려동물용품,서울 강동구 강일동
헤이버디,반려견놀이터,하남 망월동
메이그루밍,반려동물미용,남양주 다산동
구리동물병원,동물병원,구리 수택동
그루밍아지,반려동물미용,남양주 다산동
캣팰리스,반려동물미용,남양주 다산동
포엘몽,반려동물미용,구리 수택동
"포커스온펫 애견미용, 호텔",반려동물미용,서울 강동구 강일동
댕댕그루밍,반려동물미용,구리 수택동
잔다냥 구리점,반려동물미용,구리 토평동
열두달펫,반려동물미용,남양주 다산동
펫티끄,반려동물미용,하남 망월동
아무도없개 하남미사강변점,반려동물용품,하남 망월동
내친구동물병원,동물병원,구리 수택동
다산 봄 동물병원,동물병원,남양주 다산동
애견호텔도그캐슬 다산점,반려동물호텔,남양주 다산동
유스펫,반려동물미용,서울 강동구 강일동
러브냥냥,반려동물미용,남양주 다산동
견생냥품 다산현대캠퍼스몰점,반려동물용품,남양주 다산동
다산애견미용실 깎을건댕,반려동물미용,남양주 다산동
몽실몽실 애견미용실,반려동물미용,남양주 다산동
구리시 반려동물 문화센터,반려동물,구리 인창동
아토 강아지미용실,반려동물미용,남양주 다산동
달봉이펫샵,반려동물미용,구리 수택동
씨유펫 다산중앙공원점,반려동물용품,남양주 다산동
마인드마인드,애견훈련,구리 토평동
24시위드힐동물메디컬센터,동물병원,남양주 별내동
본바른동물병원,동물병원,남양주 별내동
펫마트 별내점,반려동물용품,남양주 별내동
플랜티멀,반려동물분양,남양주 별내동
별사랑동물병원,동물병원,남양주 별내동
몽톡펫살롱,반려동물미용,남양주 별내동
햄스터분양 로던트클럽 남양주점,반려동물분양,남양주 별내동
올리비아 애견미용,반려동물미용,남양주 별내동
미담 동물 의료센터,동물병원,남양주 별내동
미리내동물병원,동물병원,남양주 별내동
별내동물병원,동물병원,남양주 별내동
올리스24 남양주별내점,반려동물미용,남양주 별내동
몽쥬르,반려동물미용,남양주 별내동
파파퍼피 도그 하우스,반려동물호텔,남양주 별내동
우리개,반려동물미용,남양주 별내동
리틀원유치원,반려동물호텔,남양주 별내동
핏어팻,반려동물미용,남양주 별내동
엘라 애견유치원&애견미용,반려견놀이터,남양주 별내동
스타동물병원,동물병원,남양주 별내동
어서오개,반려동물미용,남양주 별내동
유미펫 강아지분양 고양이분양 남양주본점,반려동물분양,남양주 별내동
멍뭉유치원 별내점,반려동물,남양주 별내동
댕댕몽 애견미용&호텔,반려동물미용,남양주 별내동
오르네,반려동물미용,남양주 별내동
크레세오,반려동물분양,남양주 별내동
견생냥품 무인24시 별내 별가람역점,반려동물용품,남양주 별내동
포썸,반려동물용품,남양주 별내동
멍블라썸,반려동물미용,남양주 별내동
야옹아 멍멍해봐 남양주 별내점,반려동물용품,남양주 별내동
꽁냥꽁냥,반려동물미용,남양주 별내동
햇빛동물병원,동물병원,남양주 별내동
꼼꼬미애견미용,반려동물미용,남양주 별내동
별내우리약국,약국,남양주 별내동
별몽,반려동물미용,남양주 별내동
쁘띠독,반려동물미용,남양주 별내동
위드마롱,반려동물미용,남양주 별내동
몽글 그루밍,반려동물미용,남양주 별내동
펫츠야,반려동물용품,남양주 별내동
베이지앤브라운,반려동물미용,남양주 별내동
더데일리펫샵,반려동물미용,남양주 별내동
댕하임,반려동물미용,남양주 별내동
그개좋다냥,반려동물용품,남양주 별내동
옳지,반려동물미용,남양주 별내동
지켜줄개,반려동물미용,남양주 별내동
개화만사성,반려동물용품,남양주 별내동
헬로마이펫,반려동물,남양주 별내동
엘림랜드,동물사료제조,남양주 별내동
복실이 이발소,반려동물미용,남양주 별내동
나는애견방문훈련소,애견훈련,남양주 별내동
아쿠아파크&샌드플레이,"키즈카페,실내놀이터",남양주 별내동
포포네,애견카페,남양주 별내동
별내이마트약국,약국,남양주 별내동
멸치앤펫 별내점,애견용품,남양주 별내동
별내소망약국,약국,남양주 별내동
별가람약국,약국,남양주 별내동
별내고운약국,약국,남양주 별내동
별빛약국,약국,남양주 별내동
별내중앙약국,약국,남양주 별내동
팝애니랩,"검사,분석,조사",남양주 별내동
하우투아트미술교습소,미술교육,남양주 별내동
한국애니멀전문가협회,"협회,단체",남양주 별내동
좋은나무,종합도소매,남양주 별내동
아모망,종합도소매,남양주 별내동
정명글로벌,애견사료,남양주 별내동
디자인원헬스,"연구,연구소",남양주 별내동
마인즈,"과자,사탕,초코렛",남양주 별내동
밋영,인터넷상거래,남양주 별내동
한강동물메디컬센터,동물병원,남양주 퇴계원읍
라이프오브라일리,애견훈련,구리 갈매동
멍냥힐,반려동물용품,남양주 별내면
