dog_facilities_name,dog_facilities_type,address_name,district,new_type
펫빌리지,반려동물,창원 성산구 상복동,성산구,반려동물미용
온누리동물의료센터,동물병원,창원 성산구 상남동,성산구,동물병원
파충류샵 친절게코샵,반려동물분양,창원 성산구 상남동,성산구,반려동물분양
용 동물 CT MRI 의료센터,동물병원,창원 성산구 상남동,성산구,동물병원
몽니드,반려동물미용,창원 성산구 용호동,성산구,반려동물미용
파충류샵 크레라핀,반려동물분양,창원 성산구 중앙동,성산구,반려동물분양
케어독스 강아지유치원,반려동물호텔,창원 성산구 상남동,성산구,반려동물호텔
이든동물메디컬,동물병원,창원 성산구 상남동,성산구,동물병원
멍줍강아지산책유치원,반려동물미용,창원 성산구 상남동,성산구,반려동물미용
가온동물의료센터,동물병원,창원 성산구 가음동,성산구,동물병원
파충류샵 더해치,반려동물분양,창원 성산구 상남동,성산구,반려동물분양
스카이동물의료센터,동물병원,창원 성산구 상남동,성산구,동물병원
하늘동물병원,동물병원,창원 성산구 가음동,성산구,동물병원
펫마트 중앙점,반려동물용품,창원 성산구 중앙동,성산구,반려동물미용
개스트살롱,반려동물미용,창원 성산구 사파정동,성산구,반려동물미용
유기묘카페 봉순이네,반려동물,창원 성산구 중앙동,성산구,반려동물미용
메디팜 엄마손약국,약국,창원 성산구 중앙동,성산구,약국
정메디컬동물병원,동물병원,창원 성산구 상남동,성산구,동물병원
신대방동물메디컬,동물병원,창원 성산구 대방동,성산구,동물병원
올리스24 창원성산점,반려동물,창원 성산구 중앙동,성산구,반려동물미용
창원애견호텔 강아지유치원 애견미용 맘바이 창원점,,창원 성산구 상남동,성산구,
디반식스,반려동물호텔,창원 성산구 신월동,성산구,반려동물호텔
아무도없개 창원상남점,반려동물용품,창원 성산구 상남동,성산구,반려동물미용
씨유펫 중앙동점,반려동물용품,창원 성산구 중앙동,성산구,반려동물미용
포포펫살롱,반려동물미용,창원 성산구 대원동,성산구,반려동물미용
서울동물병원,동물병원,창원 성산구 남양동,성산구,동물병원
파충류샵 크레노바,반려동물분양,창원 성산구 중앙동,성산구,반려동물분양
토닥토닥 강아지미용실,반려동물미용,창원 성산구 상남동,성산구,반려동물미용
머리깎는고양이,반려동물미용,창원 성산구 신월동,성산구,반려동물미용
지금처럼,반려동물미용,창원 성산구 반지동,성산구,반려동물미용
헤이도그 창원점,반려동물용품,창원 성산구 대원동,성산구,반려동물미용
메디팜피아노약국,약국,창원 성산구 상남동,성산구,약국
창원메디컬동물병원,동물병원,창원 성산구 상남동,성산구,동물병원
고양이의보은,반려동물미용,창원 성산구 남양동,성산구,반려동물미용
미래펫동물병원,동물병원,창원 성산구 반림동,성산구,동물병원
반송약국,약국,창원 성산구 반림동,성산구,약국
튼튼동물병원,동물병원,창원 성산구 중앙동,성산구,동물병원
도그아트,반려동물미용,창원 성산구 중앙동,성산구,반려동물미용
창원구명약국,약국,창원 성산구 사파동,성산구,약국
더봄동물병원,동물병원,창원 성산구 반림동,성산구,동물병원
대방동물병원,동물병원,창원 성산구 중앙동,성산구,동물병원
멍쌤 펫 살롱,반려동물미용,창원 성산구 사파동,성산구,반려동물미용
남양종합동물병원,동물병원,창원 성산구 남양동,성산구,동물병원
도기도,반려동물미용,창원 성산구 중앙동,성산구,반려동물미용
남창원동물병원,동물병원,창원 성산구 가음동,성산구,동물병원
도그애견미용실,반려동물미용,창원 성산구 남산동,성산구,반려동물미용
경상동물병원,동물병원,창원 성산구 상남동,성산구,동물병원
펫피아24,반려동물용품,창원 성산구 중앙동,성산구,반려동물미용
동물보호센터,반려동물,창원 성산구 상복동,성산구,반려동물미용
카밍독,애견훈련,창원 성산구 반림동,성산구,애견훈련
웰빙동물병원,동물병원,창원 성산구 상남동,성산구,동물병원
아이처럼동물병원,동물병원,창원 성산구 중앙동,성산구,동물병원
나라애견,반려동물,창원 성산구 중앙동,성산구,반려동물미용
드봉펫살롱,반려동물미용,창원 성산구 상남동,성산구,반려동물미용
반려동물문화센터,반려동물,창원 성산구 상복동,성산구,반려동물미용
뭉뭉이애견샵,반려동물미용,창원 성산구 신월동,성산구,반려동물미용
남천정문약국,약국,창원 성산구 성주동,성산구,약국
정다운동물병원,동물병원,창원 성산구 사파동,성산구,동물병원
세화약국,약국,창원 성산구 반지동,성산구,약국
서울동물병원 미용실,반려동물미용,창원 성산구 남양동,성산구,반려동물미용
참좋은동물병원,동물병원,창원 성산구 중앙동,성산구,동물병원
우리집막내,반려동물미용,창원 성산구 성주동,성산구,반려동물미용
선린약국,약국,창원 성산구 대방동,성산구,약국
길동물병원,동물병원,창원 성산구 성주동,성산구,동물병원
이든펫스파,반려동물미용,창원 성산구 상남동,성산구,반려동물미용
펫빌리지놀이터,반려동물,창원 성산구 상복동,성산구,반려동물미용
개공감,반려동물미용,창원 성산구 신월동,성산구,반려동물미용
거울보는강아지,반려동물미용,창원 성산구 대방동,성산구,반려동물미용
비바리움파크 창원지점,반려동물분양,창원 성산구 사파동,성산구,반려동물분양
창원동물CTMRI센터,동물병원,창원 성산구 상남동,성산구,동물병원
유니온동물메디컬센터,동물병원,창원 의창구 도계동,의창구,동물병원
24시 창원2차동물의료원,동물병원,창원 의창구 명서동,의창구,동물병원
유니미니반려견센터,애견훈련,창원 의창구 팔용동,의창구,애견훈련
멍학교,반려동물호텔,창원 의창구 소답동,의창구,반려동물호텔
창원유기동물보호소,동물보호단체,창원 의창구 명서동,의창구,동물보호단체
모넬롱,반려동물미용,창원 의창구 도계동,의창구,반려동물미용
고려종합동물병원,동물병원,창원 의창구 봉곡동,의창구,동물병원
감계동물병원,동물병원,창원 의창구 북면,의창구,동물병원
우리동물병원,동물병원,창원 의창구 팔용동,의창구,동물병원
어반동물병원,동물병원,창원 의창구 중동,의창구,동물병원
아무도없개 창원유니시티점,반려동물용품,창원 의창구 중동,의창구,반려동물미용
디앤씨펫푸드 창원북면점,반려동물용품,창원 의창구 북면,의창구,반려동물미용
벨르시앙 창원점,반려동물미용,창원 의창구 사림동,의창구,반려동물미용
상아동물메디컬,동물병원,창원 의창구 도계동,의창구,동물병원
창원동물병원,동물병원,창원 의창구 봉곡동,의창구,동물병원
이솝동물병원,동물병원,창원 의창구 소답동,의창구,동물병원
멍티처,애견훈련,창원 의창구 도계동,의창구,애견훈련
몽글몽글 애견미용실,반려동물미용,창원 의창구 서상동,의창구,반려동물미용
펫토리 애견샵,반려동물미용,창원 의창구 중동,의창구,반려동물미용
24시팔용feel동물병원,동물병원,창원 의창구 팔용동,의창구,동물병원
모모펫,반려동물미용,창원 의창구 북면,의창구,반려동물미용
파충류샵,반려동물분양,창원 의창구 사림동,의창구,반려동물분양
디어뚜뚜,반려동물미용,창원 의창구 북면,의창구,반려동물미용
데이그루밍,반려동물미용,창원 의창구 서상동,의창구,반려동물미용
펫마트 명곡점,반려동물용품,창원 의창구 봉곡동,의창구,반려동물미용
세림약국,약국,창원 의창구 명서동,의창구,약국
프리티펫 애견미용호텔,반려동물미용,창원 의창구 북면,의창구,반려동물미용
멍그라미이발소,반려동물미용,창원 의창구 팔용동,의창구,반려동물미용
320펫살롱,반려동물미용,창원 의창구 북면,의창구,반려동물미용
땡큐베리도그,반려동물미용,창원 의창구 소답동,의창구,반려동물미용
퍼피멍,반려동물미용,창원 의창구 도계동,의창구,반려동물미용
봉봉블랑제,반려동물,창원 의창구 북면,의창구,반려동물미용
하이도그,반려동물호텔,창원 의창구 팔용동,의창구,반려동물호텔
깔끔하개,반려동물미용,창원 의창구 서상동,의창구,반려동물미용
멍이댕이 펫미용,반려동물미용,창원 의창구 북면,의창구,반려동물미용
도그플러스동물병원,동물병원,창원 의창구 팔용동,의창구,동물병원
쿠잉루찌,동물사료제조,창원 의창구 서상동,의창구,동물사료제조
청아약국,약국,창원 의창구 도계동,의창구,약국
행독,반려동물미용,창원 의창구 서상동,의창구,반려동물미용
새살약국,약국,창원 의창구 사림동,의창구,약국
샤이멍,반려동물미용,창원 의창구 북면,의창구,반려동물미용
꼬망이펫샵,반려동물미용,창원 의창구 도계동,의창구,반려동물미용
오마이독,반려동물미용,창원 의창구 봉곡동,의창구,반려동물미용
펫살롱댕댕,반려동물미용,창원 의창구 명서동,의창구,반려동물미용
독독독,반려견놀이터,창원 의창구 소답동,의창구,반려견놀이터
멍집사와 개냥이,반려동물용품,창원 의창구 도계동,의창구,반려동물미용
탑 동물병원,동물병원,창원 의창구 사림동,의창구,동물병원
댕이브,반려동물미용,창원 의창구 북면,의창구,반려동물미용
대한사료 창원공장영업소,동물사료제조,창원 의창구 동읍,의창구,동물사료제조
개멋짐,반려동물미용,창원 의창구 북면,의창구,반려동물미용
화니오기펫살롱,반려동물미용,창원 의창구 북면,의창구,반려동물미용
씨유펫 소답점,반려동물용품,창원 의창구 소답동,의창구,반려동물미용
포블리펫샵,반려동물미용,창원 의창구 명서동,의창구,반려동물미용
개등드리샵,반려동물미용,창원 의창구 서상동,의창구,반려동물미용
멍멍아 미용하개,반려동물미용,창원 의창구 소답동,의창구,반려동물미용
꽃보다강아지,반려동물미용,창원 의창구 사림동,의창구,반려동물미용
엘시몽,반려동물미용,창원 의창구 동읍,의창구,반려동물미용
대산서울동물병원,동물병원,창원 의창구 대산면,의창구,동물병원
창원시축산농협동물병원,동물병원,창원 의창구 중동,의창구,동물병원
핫도그,반려동물미용,창원 의창구 소답동,의창구,반려동물미용
러블리펫,반려동물미용,창원 의창구 서상동,의창구,반려동물미용
다빈이네펫살롱,반려동물미용,창원 의창구 봉곡동,의창구,반려동물미용
마창진축협 동물병원,동물병원,창원 의창구 중동,의창구,동물병원
두루팜,반려동물,창원 의창구 대산면,의창구,반려동물미용
실버마스터 캔넬,반려동물,창원 의창구 북면,의창구,반려동물미용
묘한방문,반려동물용품,창원 의창구 대산면,의창구,반려동물미용
쿠마와친구들,반려동물미용,창원 의창구 북면,의창구,반려동물미용
애독,동물사료제조,창원 의창구 대산면,의창구,동물사료제조
올리브애견,반려동물,창원 의창구 동읍,의창구,반려동물미용
경남낙우회영농조합법인,동물사료제조,창원 의창구 북면,의창구,동물사료제조
고은동물병원,동물병원,창원 마산합포구 월영동,마산합포구,동물병원
아이파크 동물병원,동물병원,창원 마산합포구 해운동,마산합포구,동물병원
수약국,약국,창원 마산합포구 우산동,마산합포구,약국
펫츠올동물의료원,동물병원,창원 마산합포구 신포동1가,마산합포구,동물병원
오늘도예쁘개,반려동물미용,창원 마산합포구 남성동,마산합포구,반려동물미용
까까주까,반려동물미용,창원 마산합포구 창포동2가,마산합포구,반려동물미용
펫마트 합포점,반려동물용품,창원 마산합포구 중앙동3가,마산합포구,반려동물미용
하이몽애견미용실,반려동물미용,창원 마산합포구 해운동,마산합포구,반려동물미용
워니시티,반려동물,창원 마산합포구 월남동5가,마산합포구,반려동물미용
데파트동물병원,동물병원,창원 마산합포구 중앙동3가,마산합포구,동물병원
포캣 고양이미용실,반려동물미용,창원 마산합포구 오동동,마산합포구,반려동물미용
멍멍연구소,반려동물,창원 마산합포구 산호동,마산합포구,반려동물미용
산호동물병원,동물병원,창원 마산합포구 산호동,마산합포구,동물병원
안나펫살롱,반려동물미용,창원 마산합포구 현동,마산합포구,반려동물미용
깜돌게코샵,반려동물분양,창원 마산합포구 자산동,마산합포구,반려동물분양
개인의집,반려동물호텔,창원 마산합포구 완월동,마산합포구,반려동물호텔
몽,반려동물미용,창원 마산합포구 장군동4가,마산합포구,반려동물미용
현대동물병원,동물병원,창원 마산합포구 해운동,마산합포구,동물병원
살롱꼬미S,반려동물미용,창원 마산합포구 상남동,마산합포구,반려동물미용
삼콩댕댕이발소,반려동물미용,창원 마산합포구 성호동,마산합포구,반려동물미용
더 그레잇 독,반려견놀이터,창원 마산합포구 교방동,마산합포구,반려견놀이터
한강동물병원,동물병원,창원 마산합포구 해운동,마산합포구,동물병원
꽃남아사랑해,반려동물미용,창원 마산합포구 산호동,마산합포구,반려동물미용
제이 펫 살롱,반려동물미용,창원 마산합포구 교방동,마산합포구,반려동물미용
동글동글애견미용실,반려동물미용,창원 마산합포구 홍문동,마산합포구,반려동물미용
핫도그몽실,반려동물미용,창원 마산합포구 월영동,마산합포구,반려동물미용
새건강약국,약국,창원 마산합포구 오동동,마산합포구,약국
개모임애견샵,반려동물미용,창원 마산합포구 현동,마산합포구,반려동물미용
멍멍아야옹아,반려동물분양,창원 마산합포구 상남동,마산합포구,반려동물분양
펫하우스V,반려동물호텔,창원 마산합포구 중앙동2가,마산합포구,반려동물호텔
탱스땡스,반려동물미용,창원 마산합포구 교방동,마산합포구,반려동물미용
프리멍샵애견미용,반려동물미용,창원 마산합포구 상남동,마산합포구,반려동물미용
부산동물병원,동물병원,창원 마산합포구 상남동,마산합포구,동물병원
서울동물병원,동물병원,창원 마산합포구 진동면,마산합포구,동물병원
진동애견샵,반려동물미용,창원 마산합포구 진동면,마산합포구,반려동물미용
늘 사랑스럽개,반려동물미용,창원 마산합포구 산호동,마산합포구,반려동물미용
퍼피라이프,반려동물미용,창원 마산합포구 자산동,마산합포구,반려동물미용
새마산동물병원,동물병원,창원 마산합포구 상남동,마산합포구,동물병원
펫타워,반려동물호텔,창원 마산합포구 해운동,마산합포구,반려동물호텔
라니멍실,반려동물미용,창원 마산합포구 현동,마산합포구,반려동물미용
소금 &설탕 애견미용실,반려동물미용,창원 마산합포구 오동동,마산합포구,반려동물미용
아이파크애견미용,반려동물미용,창원 마산합포구 해운동,마산합포구,반려동물미용
이화동물병원,동물병원,창원 마산합포구 상남동,마산합포구,동물병원
개를 품은 남자,반려동물미용,창원 마산합포구 신포동2가,마산합포구,반려동물미용
러블리몽몽,반려동물미용,창원 마산합포구 진동면,마산합포구,반려동물미용
해피하우스,반려동물,창원 마산합포구 오동동,마산합포구,반려동물미용
콩쥐애견아카데미,반려동물미용,창원 마산합포구 오동동,마산합포구,반려동물미용
창원동애등에,동물사료제조,창원 마산합포구 진북면,마산합포구,동물사료제조
한강펫살롱,반려동물미용,창원 마산합포구 해운동,마산합포구,반려동물미용
유원,반려동물용품,창원 마산합포구 홍문동,마산합포구,반려동물미용
데이원 경남대리점,반려동물,창원 마산합포구 진전면,마산합포구,반려동물미용
강아지분양고양이분양24시애견분양애견샵,반려동물,창원 마산합포구 교방동,마산합포구,반려동물미용
마산유기동물보호소,"사회,복지",창원 마산합포구 진북면,마산합포구,"사회,복지"
평암189캠핑장,"캠핑,야영장",창원 마산합포구 진전면,마산합포구,"캠핑,야영장"
한국야생동물보호협회 경남동부지부,"협회,단체",창원 마산합포구 진전면,마산합포구,"협회,단체"
돌담캠핑장&글램핑,"캠핑,야영장",창원 마산합포구 진동면,마산합포구,"캠핑,야영장"
안골동물농장건강원,건강기능보조식품,창원 마산합포구 구산면,마산합포구,건강기능보조식품
크림포레 케이크,케이크전문,창원 마산합포구 월영동,마산합포구,케이크전문
신마산태평양약국,약국,창원 마산합포구 월남동5가,마산합포구,약국
견식도락 마산점,애견카페,창원 마산합포구 완월동,마산합포구,애견카페
현동미소약국,약국,창원 마산합포구 현동,마산합포구,약국
비타약국,약국,창원 마산합포구 산호동,마산합포구,약국
댕냥이 점빵,애견사료,창원 마산합포구 중성동,마산합포구,애견사료
마산정약국,약국,창원 마산합포구 현동,마산합포구,약국
이지약국,약국,창원 마산합포구 중앙동3가,마산합포구,약국
하이펫스 창원점,"여객,화물운송",창원 마산합포구 해운동,마산합포구,"여객,화물운송"
가고파약국,약국,창원 마산합포구 장군동5가,마산합포구,약국
그리피스 컴퍼니,"사진,스튜디오",창원 마산합포구 해운동,마산합포구,"사진,스튜디오"
가자고헤어살롱,미용실,창원 마산합포구 현동,마산합포구,미용실
픽미픽미아이스 창원합포점,가공식품,창원 마산합포구 동성동,마산합포구,가공식품
애니멀스토리,동물원,창원 마산회원구 내서읍,마산회원구,동물병원
강아지와고양이아울렛 석전점,반려동물용품,창원 마산회원구 석전동,마산회원구,반려동물미용
올리스24 마산호계점,반려동물,창원 마산회원구 내서읍,마산회원구,반려동물미용
마리동물병원,동물병원,창원 마산회원구 내서읍,마산회원구,동물병원
한일동물병원,동물병원,창원 마산회원구 양덕동,마산회원구,동물병원
마이뭉,반려동물미용,창원 마산회원구 양덕동,마산회원구,반려동물미용
펫마트 마산점,반려동물용품,창원 마산회원구 회원동,마산회원구,반려동물미용
유앤아이동물병원,동물병원,창원 마산회원구 양덕동,마산회원구,동물병원
싹독싹독,반려동물미용,창원 마산회원구 양덕동,마산회원구,반려동물미용
바른동물병원,동물병원,창원 마산회원구 내서읍,마산회원구,동물병원
도그플러스 마산점,동물병원,창원 마산회원구 양덕동,마산회원구,동물병원
회원동물메디컬센터,동물병원,창원 마산회원구 회원동,마산회원구,동물병원
개만세 반려견 유치원,애견훈련,창원 마산회원구 내서읍,마산회원구,애견훈련
멍뭉미,반려동물미용,창원 마산회원구 합성동,마산회원구,반려동물미용
아무도없개 마산양덕점,반려동물용품,창원 마산회원구 양덕동,마산회원구,반려동물미용
아띠,반려동물미용,창원 마산회원구 회원동,마산회원구,반려동물미용
메트로동물병원,동물병원,창원 마산회원구 양덕동,마산회원구,동물병원
아르몽뜨,반려동물미용,창원 마산회원구 양덕동,마산회원구,반려동물미용
The이쁘개 더 이쁘개,반려동물미용,창원 마산회원구 내서읍,마산회원구,반려동물미용
삼계동물병원,동물병원,창원 마산회원구 내서읍,마산회원구,동물병원
펫마트 창원내서점,반려동물용품,창원 마산회원구 내서읍,마산회원구,반려동물미용
창생동물병원,동물병원,창원 마산회원구 석전동,마산회원구,동물병원
행복한동물병원,동물병원,창원 마산회원구 내서읍,마산회원구,동물병원
욜로멍,반려동물미용,창원 마산회원구 양덕동,마산회원구,반려동물미용
깐돌이네 애견미용호텔,반려동물미용,창원 마산회원구 석전동,마산회원구,반려동물미용
튼튼온누리약국,약국,창원 마산회원구 내서읍,마산회원구,약국
그루밍스텔라,반려동물미용,창원 마산회원구 합성동,마산회원구,반려동물미용
왕왕멍멍,반려동물미용,창원 마산회원구 내서읍,마산회원구,반려동물미용
회원펫샵,반려동물,창원 마산회원구 회원동,마산회원구,반려동물미용
POSH PETEL,반려동물호텔,창원 마산회원구 회원동,마산회원구,반려동물호텔
펫유동물병원,동물병원,창원 마산회원구 양덕동,마산회원구,동물병원
위드펫동물병원,동물병원,창원 마산회원구 합성동,마산회원구,동물병원
예쁘댕,반려동물미용,창원 마산회원구 구암동,마산회원구,반려동물미용
콩이 애견샵,반려동물미용,창원 마산회원구 합성동,마산회원구,반려동물미용
데이즈몽 애견미용샵,반려동물미용,창원 마산회원구 합성동,마산회원구,반려동물미용
프티론_[크레스티드게코/테라핀],반려동물분양,창원 마산회원구 회성동,마산회원구,반려동물분양
가람동물병원,동물병원,창원 마산회원구 합성동,마산회원구,동물병원
애견미용뭉샵,반려동물미용,창원 마산회원구 석전동,마산회원구,반려동물미용
마산가축약품병원,동물병원,창원 마산회원구 회성동,마산회원구,동물병원
사랑으로동물병원,동물병원,창원 마산회원구 합성동,마산회원구,동물병원
몽이애견미용,반려동물미용,창원 마산회원구 양덕동,마산회원구,반려동물미용
개블리,반려동물미용,창원 마산회원구 내서읍,마산회원구,반려동물미용
올리스펫택시,반려동물,창원 마산회원구 내서읍,마산회원구,반려동물미용
개도널사랑해,반려동물미용,창원 마산회원구 내서읍,마산회원구,반려동물미용
경일동물병원,동물병원,창원 마산회원구 회성동,마산회원구,동물병원
칸이누나네 펫시터,반려동물,창원 마산회원구 합성동,마산회원구,반려동물미용
IDOL STAR,반려동물호텔,창원 마산회원구 회원동,마산회원구,반려동물호텔
앙볼리 펫살롱,반려동물미용,창원 마산회원구 양덕동,마산회원구,반려동물미용
한일애견미용실,반려동물미용,창원 마산회원구 양덕동,마산회원구,반려동물미용
이개보개,반려동물미용,창원 마산회원구 구암1동,마산회원구,반려동물미용
회원펫,반려동물미용,창원 마산회원구 회원동,마산회원구,반려동물미용
강아지분양고양이분양24시애견분양애견샵,반려동물,창원 마산회원구 회원동,마산회원구,반려동물미용
마산육일약국,약국,창원 마산회원구 석전동,마산회원구,약국
럽마이댕,애견사료,창원 마산회원구 양덕동,마산회원구,애견사료
늘봄약국,약국,창원 마산회원구 석전동,마산회원구,약국
보명약국,약국,창원 마산회원구 내서읍,마산회원구,약국
멍냥집사24 창원삼계점,애견용품,창원 마산회원구 내서읍,마산회원구,애견용품
삼성약국,약국,창원 마산회원구 구암동,마산회원구,약국
세계로약국,약국,창원 마산회원구 합성동,마산회원구,약국
우리약국,약국,창원 마산회원구 회원동,마산회원구,약국
819공작소,목공소,창원 마산회원구 내서읍,마산회원구,목공소
동마산 봄약국,약국,창원 마산회원구 석전동,마산회원구,약국
조은사료총판,애견사료,창원 마산회원구 양덕동,마산회원구,애견사료
큐인,제조업,창원 마산회원구 내서읍,마산회원구,제조업
개르띠에,반려동물미용,창원 진해구 용원동,진해구,반려동물미용
블루멍s 애견유치원,반려견놀이터,창원 진해구 명동,진해구,반려견놀이터
페밀리아 진해점,반려동물용품,창원 진해구 풍호동,진해구,반려동물미용
꽃피우개,반려동물미용,창원 진해구 남문동,진해구,반려동물미용
한별반려동물장례식장,반려동물장례,창원 진해구 용원동,진해구,반려동물장례
진해동물의료센터,동물병원,창원 진해구 자은동,진해구,동물병원
멍데이유치원,반려동물호텔,창원 진해구 용원동,진해구,반려동물호텔
다올동물병원,동물병원,창원 진해구 용원동,진해구,동물병원
하나온누리약국,약국,창원 진해구 이동,진해구,약국
덕산동물의료센터,동물병원,창원 진해구 덕산동,진해구,동물병원
퍼피랜드애견카페,반려동물미용,창원 진해구 남양동,진해구,반려동물미용
뽀득냥,반려동물미용,창원 진해구 용원동,진해구,반려동물미용
OK동물병원,동물병원,창원 진해구 여좌동,진해구,동물병원
the굿dog,반려동물미용,창원 진해구 자은동,진해구,반려동물미용
필유동물메디컬센터,동물병원,창원 진해구 이동,진해구,동물병원
펫마트 진해점,반려동물용품,창원 진해구 이동,진해구,반려동물미용
신항동물병원,동물병원,창원 진해구 용원동,진해구,동물병원
한솔동물병원,동물병원,창원 진해구 석동,진해구,동물병원
프로펫샵,반려동물미용,창원 진해구 장천동,진해구,반려동물미용
진해유기동물보호소,동물보호단체,창원 진해구 성내동,진해구,동물보호단체
용원동물병원,동물병원,창원 진해구 용원동,진해구,동물병원
펫마트 용원신항점,반려동물용품,창원 진해구 용원동,진해구,반려동물미용
우쭈쭈애견샵,반려동물미용,창원 진해구 용원동,진해구,반려동물미용
조항일동물병원,동물병원,창원 진해구 석동,진해구,동물병원
개인살롱,반려동물미용,창원 진해구 이동,진해구,반려동물미용
호빵이네,반려동물미용,창원 진해구 용원동,진해구,반려동물미용
버드나무 앵무새체험카페,동물카페,창원 진해구 장천동,진해구,동물카페
유니댕댕,반려동물미용,창원 진해구 안골동,진해구,반려동물미용
장천드림약국,약국,창원 진해구 장천동,진해구,약국
동인동물메디컬센터,동물병원,창원 진해구 안골동,진해구,동물병원
마린동물병원,동물병원,창원 진해구 풍호동,진해구,동물병원
화려하개,반려동물미용,창원 진해구 자은동,진해구,반려동물미용
미건렙타일,반려동물분양,창원 진해구 이동,진해구,반려동물분양
멍냥집사24,반려동물용품,창원 진해구 용원동,진해구,반려동물미용
반자주 진해점,반려동물용품,창원 진해구 자은동,진해구,반려동물미용
하늘하개,반려동물미용,창원 진해구 용원동,진해구,반려동물미용
빛나개애견 유치원,반려동물미용,창원 진해구 대흥동,진해구,반려동물미용
아랑동물병원,동물병원,창원 진해구 용원동,진해구,동물병원
개엄마,반려동물미용,창원 진해구 덕산동,진해구,반려동물미용
모찌펫살롱,반려동물미용,창원 진해구 석동,진해구,반려동물미용
러블리펫샵,반려동물미용,창원 진해구 안골동,진해구,반려동물미용
행복한개,반려동물미용,창원 진해구 경화동,진해구,반려동물미용
"늘,예쁘개",반려동물미용,창원 진해구 용원동,진해구,반려동물미용
댕댕살롱,반려동물미용,창원 진해구 풍호동,진해구,반려동물미용
펫존애견미용용품 자은점,반려동물미용,창원 진해구 자은동,진해구,반려동물미용
개이쁨샵,반려동물미용,창원 진해구 남문동,진해구,반려동물미용
빗질해줄개,반려동물미용,창원 진해구 이동,진해구,반려동물미용
퍼피살롱,반려동물미용,창원 진해구 송학동,진해구,반려동물미용
뽀독뽀독,반려동물미용,창원 진해구 성내동,진해구,반려동물미용
쿨펫동물병원,동물병원,창원 진해구 석동,진해구,동물병원
펫마트 숙이네간식,반려동물용품,창원 진해구 용원동,진해구,반려동물미용
동인당약국,약국,창원 진해구 여좌동,진해구,약국
개쵸코 Pet Style,반려동물미용,창원 진해구 이동,진해구,반려동물미용
도그하우스,반려동물미용,창원 진해구 석동,진해구,반려동물미용
달이네,반려동물미용,창원 진해구 용원동,진해구,반려동물미용
꾸미애견,반려동물미용,창원 진해구 용원동,진해구,반려동물미용
센텀동물병원,동물병원,창원 진해구 여좌동,진해구,동물병원
펫워터파크,반려동물호텔,창원 진해구 화천동,진해구,반려동물호텔
카카오독,반려동물미용,창원 진해구 이동,진해구,반려동물미용
미자네펫샵,반려동물미용,창원 진해구 용원동,진해구,반려동물미용
유로애견샵,반려동물미용,창원 진해구 이동,진해구,반려동물미용
하이펫,반려동물미용,창원 진해구 이동,진해구,반려동물미용
단골가개,반려동물미용,창원 진해구 용원동,진해구,반려동물미용
센텀종합동물병원,동물병원,창원 진해구 여좌동,진해구,동물병원
다잇소펫 본점,반려동물용품,창원 진해구 남문동,진해구,반려동물미용
찹찹 펫푸드,반려동물,창원 진해구 용원동,진해구,반려동물미용
제이애견미용,반려동물미용,창원 진해구 덕산동,진해구,반려동물미용
프란다스의 개,반려동물미용,창원 진해구 용원동,진해구,반려동물미용
댕스타,반려동물미용,창원 진해구 충무동,진해구,반려동물미용
용한약국,약국,창원 진해구 용원동,진해구,약국
